file,group,format,channel,cutoff_Hz,peak_error_pct,noise_reduction_x
058_190℃_200_0.5mm.csv,0.5mm_190℃,nr500,V03,5,-19.562328251309122,0.187339794806068
058_190℃_200_0.5mm.csv,0.5mm_190℃,nr500,V03,10,-2.0302161988974525,1.957538045666933
058_190℃_200_0.5mm.csv,0.5mm_190℃,nr500,V03,15,1.7125962296894794,7.614848803712416
058_190℃_200_0.5mm.csv,0.5mm_190℃,nr500,V03,20,0.11585855110283999,10.68942456766195
058_190℃_200_0.5mm.csv,0.5mm_190℃,nr500,V03,25,-2.1790606236986787,11.94576792506376
058_190℃_200_0.5mm.csv,0.5mm_190℃,nr500,V03,30,-1.6498902172400012,12.065854933519189
058_190℃_200_0.5mm.csv,0.5mm_190℃,nr500,V03,40,-1.06229357878031,11.28715621106772
058_190℃_200_0.5mm.csv,0.5mm_190℃,nr500,V03,50,-1.0740087668717904,10.47904201798632
058_190℃_200_0.5mm.csv,0.5mm_190℃,nr500,V03,75,-0.9940815789963595,9.27594550633741
058_190℃_200_0.5mm.csv,0.5mm_190℃,nr500,V03,100,-0.9494389976267337,8.602451836695234
058_190℃_200_0.5mm.csv,0.5mm_190℃,nr500,V04,5,-19.56953118915041,0.13792309760017432
058_190℃_200_0.5mm.csv,0.5mm_190℃,nr500,V04,10,-1.366209868526999,1.7197794747993118
058_190℃_200_0.5mm.csv,0.5mm_190℃,nr500,V04,15,1.8407575377331353,7.678116086401042
058_190℃_200_0.5mm.csv,0.5mm_190℃,nr500,V04,20,-0.13269523635893804,7.998050550947394
058_190℃_200_0.5mm.csv,0.5mm_190℃,nr500,V04,25,-1.8779461144883411,7.926852205262527
058_190℃_200_0.5mm.csv,0.5mm_190℃,nr500,V04,30,-1.1663844774734258,7.4698929179239695
058_190℃_200_0.5mm.csv,0.5mm_190℃,nr500,V04,40,-1.4503095058429818,7.52564823263188
058_190℃_200_0.5mm.csv,0.5mm_190℃,nr500,V04,50,-1.1904007739166995,4.424429452737071
058_190℃_200_0.5mm.csv,0.5mm_190℃,nr500,V04,75,-1.2591814615744346,4.555109497469977
058_190℃_200_0.5mm.csv,0.5mm_190℃,nr500,V04,100,-1.3703586199943676,4.547767873154357
076_190℃_280_0.5mm.csv,0.5mm_190℃,nr500,V03,5,-19.39035716113586,0.09167966204962162
076_190℃_280_0.5mm.csv,0.5mm_190℃,nr500,V03,10,-1.7379093517384558,0.961618265920059
076_190℃_280_0.5mm.csv,0.5mm_190℃,nr500,V03,15,2.112480362531989,4.561521352769718
076_190℃_280_0.5mm.csv,0.5mm_190℃,nr500,V03,20,0.5157834391037505,6.188162105329588
076_190℃_280_0.5mm.csv,0.5mm_190℃,nr500,V03,25,-2.1147513247749794,7.093969950594989
076_190℃_280_0.5mm.csv,0.5mm_190℃,nr500,V03,30,-1.7714478050138025,6.992835960614161
076_190℃_280_0.5mm.csv,0.5mm_190℃,nr500,V03,40,-1.1424362522967118,7.1390477298827575
076_190℃_280_0.5mm.csv,0.5mm_190℃,nr500,V03,50,-0.9767984548022356,4.890452950714633
076_190℃_280_0.5mm.csv,0.5mm_190℃,nr500,V03,75,-0.8632270675565998,5.083749057773307
076_190℃_280_0.5mm.csv,0.5mm_190℃,nr500,V03,100,-0.9722777365929448,4.98257417570966
076_190℃_280_0.5mm.csv,0.5mm_190℃,nr500,V04,5,-20.301357497813367,0.13486571264431566
076_190℃_280_0.5mm.csv,0.5mm_190℃,nr500,V04,10,-1.832549353297558,1.5925403573850785
076_190℃_280_0.5mm.csv,0.5mm_190℃,nr500,V04,15,1.8141523531670012,5.847843012939102
076_190℃_280_0.5mm.csv,0.5mm_190℃,nr500,V04,20,0.03742375293117955,9.041477054580387
076_190℃_280_0.5mm.csv,0.5mm_190℃,nr500,V04,25,-2.303862981106434,8.601748417323956
076_190℃_280_0.5mm.csv,0.5mm_190℃,nr500,V04,30,-1.9952743394214267,7.906191074045048
076_190℃_280_0.5mm.csv,0.5mm_190℃,nr500,V04,40,-2.154804356036097,5.931327553484202
076_190℃_280_0.5mm.csv,0.5mm_190℃,nr500,V04,50,-2.1015455633245037,2.7541346475333355
076_190℃_280_0.5mm.csv,0.5mm_190℃,nr500,V04,75,-2.2093150949325455,2.6351362128243365
076_190℃_280_0.5mm.csv,0.5mm_190℃,nr500,V04,100,-2.1686885542482033,2.629995982714483
024_210℃_080_0.5mm.csv,0.5mm_210℃,nr500,V03,5,-15.5911657163434,0.12974986391021998
024_210℃_080_0.5mm.csv,0.5mm_210℃,nr500,V03,10,-2.034629129744106,2.3267631436132965
024_210℃_080_0.5mm.csv,0.5mm_210℃,nr500,V03,15,-2.0275214717223826,7.618255703646768
024_210℃_080_0.5mm.csv,0.5mm_210℃,nr500,V03,20,-1.9591268250355396,11.564411720441903
024_210℃_080_0.5mm.csv,0.5mm_210℃,nr500,V03,25,-1.726737299212125,11.391907687060552
024_210℃_080_0.5mm.csv,0.5mm_210℃,nr500,V03,30,-1.6744209876867167,10.031465072062927
024_210℃_080_0.5mm.csv,0.5mm_210℃,nr500,V03,40,-1.4551876962150678,8.10510191026551
024_210℃_080_0.5mm.csv,0.5mm_210℃,nr500,V03,50,-1.4897819129574215,5.45495347309392
024_210℃_080_0.5mm.csv,0.5mm_210℃,nr500,V03,75,-1.4538128198901041,5.216269469191324
024_210℃_080_0.5mm.csv,0.5mm_210℃,nr500,V03,100,-1.405356289164114,5.018383684363132
024_210℃_080_0.5mm.csv,0.5mm_210℃,nr500,V04,5,-15.486246223546685,0.19911302084705002
024_210℃_080_0.5mm.csv,0.5mm_210℃,nr500,V04,10,-3.831873045305274,4.962810106610982
024_210℃_080_0.5mm.csv,0.5mm_210℃,nr500,V04,15,-3.510048861628106,6.21461668664505
024_210℃_080_0.5mm.csv,0.5mm_210℃,nr500,V04,20,-2.9830690935368365,5.9251146635260445
024_210℃_080_0.5mm.csv,0.5mm_210℃,nr500,V04,25,-3.3914238325095325,6.646333877016205
024_210℃_080_0.5mm.csv,0.5mm_210℃,nr500,V04,30,-3.249869539723614,6.730875520502441
024_210℃_080_0.5mm.csv,0.5mm_210℃,nr500,V04,40,-3.091877613887467,5.582177747449885
024_210℃_080_0.5mm.csv,0.5mm_210℃,nr500,V04,50,-3.0365452731997338,2.669046131348745
024_210℃_080_0.5mm.csv,0.5mm_210℃,nr500,V04,75,-3.139749683177172,2.634521954264921
024_210℃_080_0.5mm.csv,0.5mm_210℃,nr500,V04,100,-3.1528933637263936,2.7100921751217175
028_210℃_080_0.5mm.csv,0.5mm_210℃,nr500,V03,5,-15.653083839713657,0.2579883084458354
028_210℃_080_0.5mm.csv,0.5mm_210℃,nr500,V03,10,-2.1532017389032645,4.606273297105692
028_210℃_080_0.5mm.csv,0.5mm_210℃,nr500,V03,15,-2.1663337794543143,16.741055331474342
028_210℃_080_0.5mm.csv,0.5mm_210℃,nr500,V03,20,-2.0108299016286866,15.093019764588348
028_210℃_080_0.5mm.csv,0.5mm_210℃,nr500,V03,25,-1.7151234998803817,13.814169139498638
028_210℃_080_0.5mm.csv,0.5mm_210℃,nr500,V03,30,-1.5646458685566782,13.345786206951354
028_210℃_080_0.5mm.csv,0.5mm_210℃,nr500,V03,40,-1.3216497428321419,13.189230065267942
028_210℃_080_0.5mm.csv,0.5mm_210℃,nr500,V03,50,-1.4334574335613586,8.35711586048881
028_210℃_080_0.5mm.csv,0.5mm_210℃,nr500,V03,75,-1.2455527217439206,7.902821715392803
028_210℃_080_0.5mm.csv,0.5mm_210℃,nr500,V03,100,-1.248876626312096,7.737830786763167
028_210℃_080_0.5mm.csv,0.5mm_210℃,nr500,V04,5,-15.849770135936861,0.20015843981348144
028_210℃_080_0.5mm.csv,0.5mm_210℃,nr500,V04,10,-4.365560315236707,4.635674811127834
028_210℃_080_0.5mm.csv,0.5mm_210℃,nr500,V04,15,-4.11729918356861,6.974883728768154
028_210℃_080_0.5mm.csv,0.5mm_210℃,nr500,V04,20,-3.654832452755148,6.502517215899151
028_210℃_080_0.5mm.csv,0.5mm_210℃,nr500,V04,25,-4.065719828440798,7.330911037798125
028_210℃_080_0.5mm.csv,0.5mm_210℃,nr500,V04,30,-3.866736832552611,6.95906498785308
028_210℃_080_0.5mm.csv,0.5mm_210℃,nr500,V04,40,-3.6078148194904056,6.3644758816714555
028_210℃_080_0.5mm.csv,0.5mm_210℃,nr500,V04,50,-3.562143187159791,2.2790498560414005
028_210℃_080_0.5mm.csv,0.5mm_210℃,nr500,V04,75,-3.7552531891849807,2.3027405919532047
028_210℃_080_0.5mm.csv,0.5mm_210℃,nr500,V04,100,-3.7083779011290807,2.3095803012185696
002_230℃_020_0.5mm.csv,0.5mm_230℃,nr500,V03,5,-6.903058951447343,0.5824213434932867
002_230℃_020_0.5mm.csv,0.5mm_230℃,nr500,V03,10,-2.736185434878973,6.709103071019033
002_230℃_020_0.5mm.csv,0.5mm_230℃,nr500,V03,15,-2.5628963207700135,10.811647273479101
002_230℃_020_0.5mm.csv,0.5mm_230℃,nr500,V03,20,-1.8669146160488614,13.544085987360942
002_230℃_020_0.5mm.csv,0.5mm_230℃,nr500,V03,25,-1.881413238343018,14.26195418355013
002_230℃_020_0.5mm.csv,0.5mm_230℃,nr500,V03,30,-1.774611503363211,14.920943003674857
002_230℃_020_0.5mm.csv,0.5mm_230℃,nr500,V03,40,-1.6559507065114116,14.71105721155075
002_230℃_020_0.5mm.csv,0.5mm_230℃,nr500,V03,50,-1.5874634163405739,11.25485854677014
002_230℃_020_0.5mm.csv,0.5mm_230℃,nr500,V03,75,-1.548595833841548,11.394794493543367
002_230℃_020_0.5mm.csv,0.5mm_230℃,nr500,V03,100,-1.543661480108709,11.47051205332359
002_230℃_020_0.5mm.csv,0.5mm_230℃,nr500,V04,5,-4.598066405143439,3.3447346142248406
002_230℃_020_0.5mm.csv,0.5mm_230℃,nr500,V04,10,-1.6873141417967334,2.862471769872941
002_230℃_020_0.5mm.csv,0.5mm_230℃,nr500,V04,15,-1.7649511607247492,2.77981666834079
002_230℃_020_0.5mm.csv,0.5mm_230℃,nr500,V04,20,-1.234487600569278,2.7280799461211256
002_230℃_020_0.5mm.csv,0.5mm_230℃,nr500,V04,25,-1.3833749635209402,2.806856563584458
002_230℃_020_0.5mm.csv,0.5mm_230℃,nr500,V04,30,-1.2245456715503562,3.0535870965644545
002_230℃_020_0.5mm.csv,0.5mm_230℃,nr500,V04,40,-1.229549897400608,3.124515682290502
002_230℃_020_0.5mm.csv,0.5mm_230℃,nr500,V04,50,-1.2472287424414454,2.772408698268226
002_230℃_020_0.5mm.csv,0.5mm_230℃,nr500,V04,75,-1.2528920578062368,2.77676266791433
002_230℃_020_0.5mm.csv,0.5mm_230℃,nr500,V04,100,-1.2698991141024454,2.798183489631672
007_230℃_020_0.5mm.csv,0.5mm_230℃,nr500,V03,5,-6.836279434433702,0.6435538336209248
007_230℃_020_0.5mm.csv,0.5mm_230℃,nr500,V03,10,-2.3860162494835584,4.05425212853618
007_230℃_020_0.5mm.csv,0.5mm_230℃,nr500,V03,15,-2.5035761799508074,7.792967566737483
007_230℃_020_0.5mm.csv,0.5mm_230℃,nr500,V03,20,-1.5965884747909909,9.479103038792612
007_230℃_020_0.5mm.csv,0.5mm_230℃,nr500,V03,25,-1.820291944314037,10.336298927466837
007_230℃_020_0.5mm.csv,0.5mm_230℃,nr500,V03,30,-1.4882529363533972,10.321736260525679
007_230℃_020_0.5mm.csv,0.5mm_230℃,nr500,V03,40,-1.3787295213802542,10.375431063732794
007_230℃_020_0.5mm.csv,0.5mm_230℃,nr500,V03,50,-1.3064981299758687,7.743975039763456
007_230℃_020_0.5mm.csv,0.5mm_230℃,nr500,V03,75,-1.3099690085334887,7.9394658781098215
007_230℃_020_0.5mm.csv,0.5mm_230℃,nr500,V03,100,-1.2797502119170965,7.8953856223775505
007_230℃_020_0.5mm.csv,0.5mm_230℃,nr500,V04,5,-4.1484065010366304,3.4311167527721946
007_230℃_020_0.5mm.csv,0.5mm_230℃,nr500,V04,10,-1.3295924812883284,3.059368148344047
007_230℃_020_0.5mm.csv,0.5mm_230℃,nr500,V04,15,-1.2333129066425286,3.1846993076972114
007_230℃_020_0.5mm.csv,0.5mm_230℃,nr500,V04,20,-0.9261071567080505,3.4076493811998008
007_230℃_020_0.5mm.csv,0.5mm_230℃,nr500,V04,25,-0.9262807100531943,3.4890654372515515
007_230℃_020_0.5mm.csv,0.5mm_230℃,nr500,V04,30,-0.873920070159848,3.552811764673926
007_230℃_020_0.5mm.csv,0.5mm_230℃,nr500,V04,40,-0.8475828403604575,3.4990415658187097
007_230℃_020_0.5mm.csv,0.5mm_230℃,nr500,V04,50,-0.8704936200798967,3.188510378688645
007_230℃_020_0.5mm.csv,0.5mm_230℃,nr500,V04,75,-0.8806990079006289,3.151561032274562
007_230℃_020_0.5mm.csv,0.5mm_230℃,nr500,V04,100,-0.8887586982239726,3.1148341023652732
065_190℃_200_1.0mm.csv,1.0mm_190℃,nr500,V03,5,-25.074215855345216,0.5500376881567143
065_190℃_200_1.0mm.csv,1.0mm_190℃,nr500,V03,10,-5.48057602430346,5.970133929792033
065_190℃_200_1.0mm.csv,1.0mm_190℃,nr500,V03,15,-3.0893866590355707,7.2782061056512966
065_190℃_200_1.0mm.csv,1.0mm_190℃,nr500,V03,20,-3.615535087862437,7.166805117437646
065_190℃_200_1.0mm.csv,1.0mm_190℃,nr500,V03,25,-2.072893130429797,6.917378124077689
065_190℃_200_1.0mm.csv,1.0mm_190℃,nr500,V03,30,-1.8168568285057232,6.771118532568583
065_190℃_200_1.0mm.csv,1.0mm_190℃,nr500,V03,40,-1.5861275427408696,6.615413660456029
065_190℃_200_1.0mm.csv,1.0mm_190℃,nr500,V03,50,-1.5859019614980923,4.102508760506616
065_190℃_200_1.0mm.csv,1.0mm_190℃,nr500,V03,75,-1.3659179068637206,4.035208658856166
065_190℃_200_1.0mm.csv,1.0mm_190℃,nr500,V03,100,-1.355034269535546,3.967183547549953
065_190℃_200_1.0mm.csv,1.0mm_190℃,nr500,V04,5,-29.08524976507485,1.3210474577354472
065_190℃_200_1.0mm.csv,1.0mm_190℃,nr500,V04,10,-9.556914179630258,10.30164034873466
065_190℃_200_1.0mm.csv,1.0mm_190℃,nr500,V04,15,-5.700501086257173,14.974982510748001
065_190℃_200_1.0mm.csv,1.0mm_190℃,nr500,V04,20,-6.58621229202184,16.880501582577686
065_190℃_200_1.0mm.csv,1.0mm_190℃,nr500,V04,25,-5.69515511115124,17.97377519224295
065_190℃_200_1.0mm.csv,1.0mm_190℃,nr500,V04,30,-4.6308793126071475,17.3784984798281
065_190℃_200_1.0mm.csv,1.0mm_190℃,nr500,V04,40,-4.895962857784207,16.37438747051583
065_190℃_200_1.0mm.csv,1.0mm_190℃,nr500,V04,50,-4.476602880610897,4.071961533361623
065_190℃_200_1.0mm.csv,1.0mm_190℃,nr500,V04,75,-4.463752211858469,4.195827444745975
065_190℃_200_1.0mm.csv,1.0mm_190℃,nr500,V04,100,-4.397791973734867,4.2972393444749954
081_190℃_280_1.0mm.csv,1.0mm_190℃,nr500,V03,5,-26.045491778181166,0.5487427976343769
081_190℃_280_1.0mm.csv,1.0mm_190℃,nr500,V03,10,-5.924827931450558,6.023170782687092
081_190℃_280_1.0mm.csv,1.0mm_190℃,nr500,V03,15,-2.850155205697103,11.136731705971675
081_190℃_280_1.0mm.csv,1.0mm_190℃,nr500,V03,20,-3.605656176828365,10.141816657859252
081_190℃_280_1.0mm.csv,1.0mm_190℃,nr500,V03,25,-1.890135267087178,9.674417975898823
081_190℃_280_1.0mm.csv,1.0mm_190℃,nr500,V03,30,-1.2695247179222076,9.418760627644218
081_190℃_280_1.0mm.csv,1.0mm_190℃,nr500,V03,40,-1.533160262863949,8.14079741171835
081_190℃_280_1.0mm.csv,1.0mm_190℃,nr500,V03,50,-1.3350570099392782,4.096296943464315
081_190℃_280_1.0mm.csv,1.0mm_190℃,nr500,V03,75,-1.1099863189340604,4.046110735839416
081_190℃_280_1.0mm.csv,1.0mm_190℃,nr500,V03,100,-1.1190310448799552,4.0105982103792215
081_190℃_280_1.0mm.csv,1.0mm_190℃,nr500,V04,5,-31.122209477104665,1.3712866512609476
081_190℃_280_1.0mm.csv,1.0mm_190℃,nr500,V04,10,-11.629592479387886,11.509730806609284
081_190℃_280_1.0mm.csv,1.0mm_190℃,nr500,V04,15,-7.224255599539205,15.783629540078236
081_190℃_280_1.0mm.csv,1.0mm_190℃,nr500,V04,20,-7.88839552033139,17.629930507159806
081_190℃_280_1.0mm.csv,1.0mm_190℃,nr500,V04,25,-7.216660878545042,19.74243879323434
081_190℃_280_1.0mm.csv,1.0mm_190℃,nr500,V04,30,-6.003155470229839,21.01956462044419
081_190℃_280_1.0mm.csv,1.0mm_190℃,nr500,V04,40,-6.295198981660891,18.506033879735824
081_190℃_280_1.0mm.csv,1.0mm_190℃,nr500,V04,50,-5.923078824547885,4.087618661067329
081_190℃_280_1.0mm.csv,1.0mm_190℃,nr500,V04,75,-6.036959110165959,4.271485271289552
081_190℃_280_1.0mm.csv,1.0mm_190℃,nr500,V04,100,-5.99962045384223,4.352940963821935
050_210℃_120_1.0mm.csv,1.0mm_210℃,nr500,V03,5,-23.587402532351796,1.3467878731441003
050_210℃_120_1.0mm.csv,1.0mm_210℃,nr500,V03,10,-7.03572115081134,11.94188338304036
050_210℃_120_1.0mm.csv,1.0mm_210℃,nr500,V03,15,-4.2671097395526365,10.989955896590237
050_210℃_120_1.0mm.csv,1.0mm_210℃,nr500,V03,20,-2.2278373097114113,10.713260701109846
050_210℃_120_1.0mm.csv,1.0mm_210℃,nr500,V03,25,-1.998600717108432,10.8966510204628
050_210℃_120_1.0mm.csv,1.0mm_210℃,nr500,V03,30,-1.7294389483786499,10.455719056602021
050_210℃_120_1.0mm.csv,1.0mm_210℃,nr500,V03,40,-1.6171537477285562,11.511579014761836
050_210℃_120_1.0mm.csv,1.0mm_210℃,nr500,V03,50,-1.5178460562929237,8.005547121773361
050_210℃_120_1.0mm.csv,1.0mm_210℃,nr500,V03,75,-1.3567103418744064,7.773441867206567
050_210℃_120_1.0mm.csv,1.0mm_210℃,nr500,V03,100,-1.3139296447721118,7.321829559400817
050_210℃_120_1.0mm.csv,1.0mm_210℃,nr500,V04,5,-27.703494719350292,0.829265672514481
050_210℃_120_1.0mm.csv,1.0mm_210℃,nr500,V04,10,-10.023905600334137,5.542251057279746
050_210℃_120_1.0mm.csv,1.0mm_210℃,nr500,V04,15,-7.016327085414462,7.7811571435342115
050_210℃_120_1.0mm.csv,1.0mm_210℃,nr500,V04,20,-5.619785892669224,7.461388161373618
050_210℃_120_1.0mm.csv,1.0mm_210℃,nr500,V04,25,-4.638424549506878,7.656488101088598
050_210℃_120_1.0mm.csv,1.0mm_210℃,nr500,V04,30,-4.717534728346187,7.431251247430156
050_210℃_120_1.0mm.csv,1.0mm_210℃,nr500,V04,40,-4.35300713189487,7.29013147102891
050_210℃_120_1.0mm.csv,1.0mm_210℃,nr500,V04,50,-4.122564652904933,2.076192766626755
050_210℃_120_1.0mm.csv,1.0mm_210℃,nr500,V04,75,-4.060536353356009,2.137070135128772
050_210℃_120_1.0mm.csv,1.0mm_210℃,nr500,V04,100,-4.047842083150484,2.0873385441615335
061_210℃_200_1.0mm.csv,1.0mm_210℃,nr500,V03,5,-24.784437053224902,1.0921936105010102
061_210℃_200_1.0mm.csv,1.0mm_210℃,nr500,V03,10,-5.422286724911464,10.7083747403025
061_210℃_200_1.0mm.csv,1.0mm_210℃,nr500,V03,15,-3.3608534812767434,15.78511411348236
061_210℃_200_1.0mm.csv,1.0mm_210℃,nr500,V03,20,-3.71807651115787,17.295901299771472
061_210℃_200_1.0mm.csv,1.0mm_210℃,nr500,V03,25,-2.3031422043916883,16.28040747512931
061_210℃_200_1.0mm.csv,1.0mm_210℃,nr500,V03,30,-2.2240024996903878,16.49062064199662
061_210℃_200_1.0mm.csv,1.0mm_210℃,nr500,V03,40,-1.8443477812577451,15.585998325857243
061_210℃_200_1.0mm.csv,1.0mm_210℃,nr500,V03,50,-1.8394593389479792,6.784409080284309
061_210℃_200_1.0mm.csv,1.0mm_210℃,nr500,V03,75,-1.6974025073137315,6.819264453061035
061_210℃_200_1.0mm.csv,1.0mm_210℃,nr500,V03,100,-1.6286166087299927,6.776575100498089
061_210℃_200_1.0mm.csv,1.0mm_210℃,nr500,V04,5,-28.260279665657627,1.3106026738809364
061_210℃_200_1.0mm.csv,1.0mm_210℃,nr500,V04,10,-8.768264360013655,8.046957139081055
061_210℃_200_1.0mm.csv,1.0mm_210℃,nr500,V04,15,-5.305820627190818,9.259704156551528
061_210℃_200_1.0mm.csv,1.0mm_210℃,nr500,V04,20,-6.218661435596208,11.300089589610911
061_210℃_200_1.0mm.csv,1.0mm_210℃,nr500,V04,25,-5.080761599181979,11.806436397446424
061_210℃_200_1.0mm.csv,1.0mm_210℃,nr500,V04,30,-4.233828145933536,11.553899955363251
061_210℃_200_1.0mm.csv,1.0mm_210℃,nr500,V04,40,-4.406478559668211,12.180837661666057
061_210℃_200_1.0mm.csv,1.0mm_210℃,nr500,V04,50,-4.117015417786413,3.9686627881906755
061_210℃_200_1.0mm.csv,1.0mm_210℃,nr500,V04,75,-3.9638708121028237,4.090426231127944
061_210℃_200_1.0mm.csv,1.0mm_210℃,nr500,V04,100,-3.891632970724946,4.08413206919213
064_230℃_200_1.0mm.csv,1.0mm_230℃,nr500,V03,5,-25.96308201992743,1.1579096128663349
064_230℃_200_1.0mm.csv,1.0mm_230℃,nr500,V03,10,-6.749126686398125,10.388464570019655
064_230℃_200_1.0mm.csv,1.0mm_230℃,nr500,V03,15,-4.576466778663361,13.521742070093989
064_230℃_200_1.0mm.csv,1.0mm_230℃,nr500,V03,20,-4.905121538289329,13.384753330303191
064_230℃_200_1.0mm.csv,1.0mm_230℃,nr500,V03,25,-3.519107864584584,13.766680212332215
064_230℃_200_1.0mm.csv,1.0mm_230℃,nr500,V03,30,-3.4412765071994316,13.503349922860897
064_230℃_200_1.0mm.csv,1.0mm_230℃,nr500,V03,40,-3.097658296440838,12.266864680685272
064_230℃_200_1.0mm.csv,1.0mm_230℃,nr500,V03,50,-3.023378081107234,7.00693390361883
064_230℃_200_1.0mm.csv,1.0mm_230℃,nr500,V03,75,-2.8450796172007036,6.380083149416676
064_230℃_200_1.0mm.csv,1.0mm_230℃,nr500,V03,100,-2.764334713726401,6.038743895152245
064_230℃_200_1.0mm.csv,1.0mm_230℃,nr500,V04,5,-28.234220652600268,1.491800633863
064_230℃_200_1.0mm.csv,1.0mm_230℃,nr500,V04,10,-8.558519951771133,12.186323878103508
064_230℃_200_1.0mm.csv,1.0mm_230℃,nr500,V04,15,-4.941026596486852,15.428974907791257
064_230℃_200_1.0mm.csv,1.0mm_230℃,nr500,V04,20,-5.802369395833404,16.10737206887865
064_230℃_200_1.0mm.csv,1.0mm_230℃,nr500,V04,25,-4.666102463963371,17.284648300172588
064_230℃_200_1.0mm.csv,1.0mm_230℃,nr500,V04,30,-3.816358399825822,17.88792876855823
064_230℃_200_1.0mm.csv,1.0mm_230℃,nr500,V04,40,-3.8537443061260426,15.379798166500695
064_230℃_200_1.0mm.csv,1.0mm_230℃,nr500,V04,50,-3.6763636511192157,3.9535573625477993
064_230℃_200_1.0mm.csv,1.0mm_230℃,nr500,V04,75,-3.56601615256586,4.202666156687839
064_230℃_200_1.0mm.csv,1.0mm_230℃,nr500,V04,100,-3.503501177079712,4.182537590703408
073_230℃_240_1.0mm.csv,1.0mm_230℃,nr500,V03,5,-26.028071110694928,1.1556446017990856
073_230℃_240_1.0mm.csv,1.0mm_230℃,nr500,V03,10,-6.461461456226904,10.652783486171119
073_230℃_240_1.0mm.csv,1.0mm_230℃,nr500,V03,15,-4.1045085644968795,16.401968376061014
073_230℃_240_1.0mm.csv,1.0mm_230℃,nr500,V03,20,-4.671772221037809,17.28397724417856
073_230℃_240_1.0mm.csv,1.0mm_230℃,nr500,V03,25,-2.950965986889402,19.039901937813024
073_230℃_240_1.0mm.csv,1.0mm_230℃,nr500,V03,30,-2.7238898434382133,18.547800025266344
073_230℃_240_1.0mm.csv,1.0mm_230℃,nr500,V03,40,-2.5478526961907875,18.012445999277606
073_230℃_240_1.0mm.csv,1.0mm_230℃,nr500,V03,50,-2.5940432296994365,7.660097473201309
073_230℃_240_1.0mm.csv,1.0mm_230℃,nr500,V03,75,-2.3826716676533626,7.313293013282487
073_230℃_240_1.0mm.csv,1.0mm_230℃,nr500,V03,100,-2.331580552463014,7.2118445227055545
073_230℃_240_1.0mm.csv,1.0mm_230℃,nr500,V04,5,-30.592596541638315,1.4732573888901395
073_230℃_240_1.0mm.csv,1.0mm_230℃,nr500,V04,10,-11.382028499422058,10.5387940886643
073_230℃_240_1.0mm.csv,1.0mm_230℃,nr500,V04,15,-7.693680992432861,15.92426399951831
073_230℃_240_1.0mm.csv,1.0mm_230℃,nr500,V04,20,-8.547160618677735,16.92063751953227
073_230℃_240_1.0mm.csv,1.0mm_230℃,nr500,V04,25,-7.372780048294255,17.603805699105774
073_230℃_240_1.0mm.csv,1.0mm_230℃,nr500,V04,30,-6.381494348944615,18.146883734759236
073_230℃_240_1.0mm.csv,1.0mm_230℃,nr500,V04,40,-6.7350282159830375,17.67322273144652
073_230℃_240_1.0mm.csv,1.0mm_230℃,nr500,V04,50,-6.260222566735404,4.128299890945022
073_230℃_240_1.0mm.csv,1.0mm_230℃,nr500,V04,75,-6.187067028419074,4.279738619515757
073_230℃_240_1.0mm.csv,1.0mm_230℃,nr500,V04,100,-6.1330927342775885,4.41372123490613
067_190℃_120_1.5mm.csv,1.5mm_190℃,nr500,V03,5,-21.175595810951805,1.1286073390612579
067_190℃_120_1.5mm.csv,1.5mm_190℃,nr500,V03,10,-6.48933986453106,8.365069270388922
067_190℃_120_1.5mm.csv,1.5mm_190℃,nr500,V03,15,-2.6169484062846284,7.033657743542094
067_190℃_120_1.5mm.csv,1.5mm_190℃,nr500,V03,20,-1.5035145732337765,7.2430911376327325
067_190℃_120_1.5mm.csv,1.5mm_190℃,nr500,V03,25,-1.1371410339933499,7.3258437267739485
067_190℃_120_1.5mm.csv,1.5mm_190℃,nr500,V03,30,-1.3408451770153758,6.929397890727044
067_190℃_120_1.5mm.csv,1.5mm_190℃,nr500,V03,40,-1.3930057392229755,6.191499241828781
067_190℃_120_1.5mm.csv,1.5mm_190℃,nr500,V03,50,-1.3624167868889705,4.9412953868479175
067_190℃_120_1.5mm.csv,1.5mm_190℃,nr500,V03,75,-1.3219016022025112,4.636180981306466
067_190℃_120_1.5mm.csv,1.5mm_190℃,nr500,V03,100,-1.317729097661522,4.643727728958137
067_190℃_120_1.5mm.csv,1.5mm_190℃,nr500,V04,5,-27.225236458548885,2.746077375480809
067_190℃_120_1.5mm.csv,1.5mm_190℃,nr500,V04,10,-10.36180103746625,11.334448286658914
067_190℃_120_1.5mm.csv,1.5mm_190℃,nr500,V04,15,-7.397355651315466,10.841039143287931
067_190℃_120_1.5mm.csv,1.5mm_190℃,nr500,V04,20,-5.3221774187919175,12.058273719761191
067_190℃_120_1.5mm.csv,1.5mm_190℃,nr500,V04,25,-5.243845740718607,11.33342114594178
067_190℃_120_1.5mm.csv,1.5mm_190℃,nr500,V04,30,-4.986441955916385,11.31755901508026
067_190℃_120_1.5mm.csv,1.5mm_190℃,nr500,V04,40,-5.022016124739219,12.22573079568202
067_190℃_120_1.5mm.csv,1.5mm_190℃,nr500,V04,50,-4.767814773618251,5.206597573311634
067_190℃_120_1.5mm.csv,1.5mm_190℃,nr500,V04,75,-4.670264198198575,5.243436727067162
067_190℃_120_1.5mm.csv,1.5mm_190℃,nr500,V04,100,-4.631411237194661,5.217218519131025
113_190℃_320_1.5mm.csv,1.5mm_190℃,nr500,V03,5,-26.211374954020396,0.852885263938286
113_190℃_320_1.5mm.csv,1.5mm_190℃,nr500,V03,10,-4.652063423417168,5.863655425542161
113_190℃_320_1.5mm.csv,1.5mm_190℃,nr500,V03,15,-3.1200790316032756,5.34889772486299
113_190℃_320_1.5mm.csv,1.5mm_190℃,nr500,V03,20,-3.667806256254315,5.715405235003274
113_190℃_320_1.5mm.csv,1.5mm_190℃,nr500,V03,25,-1.8259638686785413,5.8076371349367
113_190℃_320_1.5mm.csv,1.5mm_190℃,nr500,V03,30,-2.2180195057429537,5.840116453866762
113_190℃_320_1.5mm.csv,1.5mm_190℃,nr500,V03,40,-1.9878754901595537,5.625553182494919
113_190℃_320_1.5mm.csv,1.5mm_190℃,nr500,V03,50,-2.1411240172680257,5.231154876668708
113_190℃_320_1.5mm.csv,1.5mm_190℃,nr500,V03,75,-2.03931811377461,5.169840965488763
113_190℃_320_1.5mm.csv,1.5mm_190℃,nr500,V03,100,-1.987920618905432,4.833235332921498
113_190℃_320_1.5mm.csv,1.5mm_190℃,nr500,V04,5,-32.448731590369874,2.3857477874517348
113_190℃_320_1.5mm.csv,1.5mm_190℃,nr500,V04,10,-11.1251674843963,11.66077287158205
113_190℃_320_1.5mm.csv,1.5mm_190℃,nr500,V04,15,-7.752512832970167,14.04399421169669
113_190℃_320_1.5mm.csv,1.5mm_190℃,nr500,V04,20,-8.838518690509176,15.418379210146696
113_190℃_320_1.5mm.csv,1.5mm_190℃,nr500,V04,25,-7.1788059873196595,16.438348786353618
113_190℃_320_1.5mm.csv,1.5mm_190℃,nr500,V04,30,-6.604360209792715,16.86105949729782
113_190℃_320_1.5mm.csv,1.5mm_190℃,nr500,V04,40,-6.988707861260545,16.601955721791132
113_190℃_320_1.5mm.csv,1.5mm_190℃,nr500,V04,50,-6.882249491666817,5.078166414445357
113_190℃_320_1.5mm.csv,1.5mm_190℃,nr500,V04,75,-6.7397712133406795,5.2365018687659814
113_190℃_320_1.5mm.csv,1.5mm_190℃,nr500,V04,100,-6.710210679955521,5.148624908715488
081_210℃_200_1.5mm.csv,1.5mm_210℃,nr500,V03,5,-26.099767237190175,1.969812690275401
081_210℃_200_1.5mm.csv,1.5mm_210℃,nr500,V03,10,-5.585153494630417,16.299147411633502
081_210℃_200_1.5mm.csv,1.5mm_210℃,nr500,V03,15,-4.330755184508342,13.089293217944824
081_210℃_200_1.5mm.csv,1.5mm_210℃,nr500,V03,20,-4.180031801996348,12.801914636566291
081_210℃_200_1.5mm.csv,1.5mm_210℃,nr500,V03,25,-3.8300592852599133,13.427628350798352
081_210℃_200_1.5mm.csv,1.5mm_210℃,nr500,V03,30,-3.9941924875645465,13.322954215890736
081_210℃_200_1.5mm.csv,1.5mm_210℃,nr500,V03,40,-3.7794178000676935,13.337394657876898
081_210℃_200_1.5mm.csv,1.5mm_210℃,nr500,V03,50,-3.640295477460221,6.886786869965903
081_210℃_200_1.5mm.csv,1.5mm_210℃,nr500,V03,75,-3.5824827421311665,6.677869710373711
081_210℃_200_1.5mm.csv,1.5mm_210℃,nr500,V03,100,-3.577217351076732,6.61052594353726
081_210℃_200_1.5mm.csv,1.5mm_210℃,nr500,V04,5,-33.59691816446724,1.6920710344770817
081_210℃_200_1.5mm.csv,1.5mm_210℃,nr500,V04,10,-12.936446202740143,5.140494540184355
081_210℃_200_1.5mm.csv,1.5mm_210℃,nr500,V04,15,-10.030532172950803,6.115270389023884
081_210℃_200_1.5mm.csv,1.5mm_210℃,nr500,V04,20,-10.837204323837765,5.876760926965062
081_210℃_200_1.5mm.csv,1.5mm_210℃,nr500,V04,25,-9.679864545968428,6.033346833127717
081_210℃_200_1.5mm.csv,1.5mm_210℃,nr500,V04,30,-9.52336156667812,6.398322684258654
081_210℃_200_1.5mm.csv,1.5mm_210℃,nr500,V04,40,-9.321419991880141,5.904650815178681
081_210℃_200_1.5mm.csv,1.5mm_210℃,nr500,V04,50,-9.01716912622905,2.121202859431408
081_210℃_200_1.5mm.csv,1.5mm_210℃,nr500,V04,75,-8.675286504998972,2.1241633750599926
081_210℃_200_1.5mm.csv,1.5mm_210℃,nr500,V04,100,-8.569774850105523,2.138080590382425
098_210℃_240_1.5mm.csv,1.5mm_210℃,nr500,V03,5,-27.106535812327955,1.8871984972172244
098_210℃_240_1.5mm.csv,1.5mm_210℃,nr500,V03,10,-6.176652269793442,14.952158021203719
098_210℃_240_1.5mm.csv,1.5mm_210℃,nr500,V03,15,-4.951573498328495,16.091281789856307
098_210℃_240_1.5mm.csv,1.5mm_210℃,nr500,V03,20,-5.2619441005394805,14.876918214560678
098_210℃_240_1.5mm.csv,1.5mm_210℃,nr500,V03,25,-4.1973000893861245,14.888862128602762
098_210℃_240_1.5mm.csv,1.5mm_210℃,nr500,V03,30,-4.535269521942874,14.540522549616702
098_210℃_240_1.5mm.csv,1.5mm_210℃,nr500,V03,40,-4.3121410635548525,13.609811385560072
098_210℃_240_1.5mm.csv,1.5mm_210℃,nr500,V03,50,-4.1171494063233425,6.893441186843776
098_210℃_240_1.5mm.csv,1.5mm_210℃,nr500,V03,75,-4.073574414773232,6.923182130987245
098_210℃_240_1.5mm.csv,1.5mm_210℃,nr500,V03,100,-4.05873870587554,6.725528975440447
098_210℃_240_1.5mm.csv,1.5mm_210℃,nr500,V04,5,-33.626053747733685,2.990595564844783
098_210℃_240_1.5mm.csv,1.5mm_210℃,nr500,V04,10,-12.662014830853211,15.360553853251263
098_210℃_240_1.5mm.csv,1.5mm_210℃,nr500,V04,15,-9.59221436693337,19.547228947467463
098_210℃_240_1.5mm.csv,1.5mm_210℃,nr500,V04,20,-10.705202556673079,17.65041712448104
098_210℃_240_1.5mm.csv,1.5mm_210℃,nr500,V04,25,-9.325959076313046,17.084343300054094
098_210℃_240_1.5mm.csv,1.5mm_210℃,nr500,V04,30,-9.01916785175927,15.823586073733777
098_210℃_240_1.5mm.csv,1.5mm_210℃,nr500,V04,40,-8.880393769904217,14.485636831404102
098_210℃_240_1.5mm.csv,1.5mm_210℃,nr500,V04,50,-9.026769976130472,4.272873042124309
098_210℃_240_1.5mm.csv,1.5mm_210℃,nr500,V04,75,-8.805784508321905,4.40904524943733
098_210℃_240_1.5mm.csv,1.5mm_210℃,nr500,V04,100,-8.72010663331115,4.485214021614645
047_230℃_040_1.5mm.csv,1.5mm_230℃,nr500,V03,5,-13.678631525944452,9.092820522003588
047_230℃_040_1.5mm.csv,1.5mm_230℃,nr500,V03,10,-6.665547209334349,7.896944322260287
047_230℃_040_1.5mm.csv,1.5mm_230℃,nr500,V03,15,-4.510331914724124,7.872925480533163
047_230℃_040_1.5mm.csv,1.5mm_230℃,nr500,V03,20,-3.397401849907526,8.456996380636529
047_230℃_040_1.5mm.csv,1.5mm_230℃,nr500,V03,25,-2.964892724968888,8.425880780392118
047_230℃_040_1.5mm.csv,1.5mm_230℃,nr500,V03,30,-2.8453002992395198,8.316281576148326
047_230℃_040_1.5mm.csv,1.5mm_230℃,nr500,V03,40,-2.739089260716975,8.017163665477574
047_230℃_040_1.5mm.csv,1.5mm_230℃,nr500,V03,50,-2.678861411928837,5.518523924968318
047_230℃_040_1.5mm.csv,1.5mm_230℃,nr500,V03,75,-2.6015649714676714,5.3587906177864655
047_230℃_040_1.5mm.csv,1.5mm_230℃,nr500,V03,100,-2.554924871069843,5.206254974653258
047_230℃_040_1.5mm.csv,1.5mm_230℃,nr500,V04,5,-22.20976312950676,9.032565741251071
047_230℃_040_1.5mm.csv,1.5mm_230℃,nr500,V04,10,-14.507092665352642,11.30120421070367
047_230℃_040_1.5mm.csv,1.5mm_230℃,nr500,V04,15,-12.255307247804966,11.071852146129663
047_230℃_040_1.5mm.csv,1.5mm_230℃,nr500,V04,20,-11.004415794825803,10.430291539581093
047_230℃_040_1.5mm.csv,1.5mm_230℃,nr500,V04,25,-10.4876042998592,10.202918411274876
047_230℃_040_1.5mm.csv,1.5mm_230℃,nr500,V04,30,-10.299658994328137,10.256235384932932
047_230℃_040_1.5mm.csv,1.5mm_230℃,nr500,V04,40,-10.093542434489143,10.927064585054085
047_230℃_040_1.5mm.csv,1.5mm_230℃,nr500,V04,50,-9.777112503148143,3.4601244479826394
047_230℃_040_1.5mm.csv,1.5mm_230℃,nr500,V04,75,-9.62042705530437,3.513504952967375
047_230℃_040_1.5mm.csv,1.5mm_230℃,nr500,V04,100,-9.577681443087677,3.5740718106265534
103_230℃_280_1.5mm.csv,1.5mm_230℃,nr500,V03,5,-27.932307052775073,0.966805788061424
103_230℃_280_1.5mm.csv,1.5mm_230℃,nr500,V03,10,-6.1430565454787285,5.230515850089423
103_230℃_280_1.5mm.csv,1.5mm_230℃,nr500,V03,15,-4.380803207313701,5.849792734804788
103_230℃_280_1.5mm.csv,1.5mm_230℃,nr500,V03,20,-5.14539340416669,5.686507458723688
103_230℃_280_1.5mm.csv,1.5mm_230℃,nr500,V03,25,-3.647887039717844,5.002966285427346
103_230℃_280_1.5mm.csv,1.5mm_230℃,nr500,V03,30,-4.090349159965625,5.166004873571674
103_230℃_280_1.5mm.csv,1.5mm_230℃,nr500,V03,40,-3.845752736225088,5.1849573335388035
103_230℃_280_1.5mm.csv,1.5mm_230℃,nr500,V03,50,-3.977992024969664,4.862099318772977
103_230℃_280_1.5mm.csv,1.5mm_230℃,nr500,V03,75,-3.959079056007539,4.85916133901098
103_230℃_280_1.5mm.csv,1.5mm_230℃,nr500,V03,100,-3.9274269318524744,4.591615893582563
103_230℃_280_1.5mm.csv,1.5mm_230℃,nr500,V04,5,-34.94406991827461,2.6616690336559783
103_230℃_280_1.5mm.csv,1.5mm_230℃,nr500,V04,10,-13.515614842237321,9.408936346129087
103_230℃_280_1.5mm.csv,1.5mm_230℃,nr500,V04,15,-9.80748729425331,11.360137658350324
103_230℃_280_1.5mm.csv,1.5mm_230℃,nr500,V04,20,-11.012434233521095,11.20239789386045
103_230℃_280_1.5mm.csv,1.5mm_230℃,nr500,V04,25,-9.614256966750153,11.488798738943714
103_230℃_280_1.5mm.csv,1.5mm_230℃,nr500,V04,30,-9.040337507145955,12.067507929325114
103_230℃_280_1.5mm.csv,1.5mm_230℃,nr500,V04,40,-9.449648738109675,12.794704155964448
103_230℃_280_1.5mm.csv,1.5mm_230℃,nr500,V04,50,-9.03300998506411,4.08676065126755
103_230℃_280_1.5mm.csv,1.5mm_230℃,nr500,V04,75,-8.572457697281433,4.161694633971868
103_230℃_280_1.5mm.csv,1.5mm_230℃,nr500,V04,100,-8.664234829546844,4.213685493838536
004_190℃_003_2.0mm.csv,2.0mm_190℃,nr500,V03,5,-0.2751631315055816,4.1254047358938015
004_190℃_003_2.0mm.csv,2.0mm_190℃,nr500,V03,10,-0.3409769057577672,4.188025285564044
004_190℃_003_2.0mm.csv,2.0mm_190℃,nr500,V03,15,-0.4766127849383809,4.118675763300323
004_190℃_003_2.0mm.csv,2.0mm_190℃,nr500,V03,20,-0.5500881144549242,4.0414214160371476
004_190℃_003_2.0mm.csv,2.0mm_190℃,nr500,V03,25,-0.5964675151180979,4.068840961026247
004_190℃_003_2.0mm.csv,2.0mm_190℃,nr500,V03,30,-0.6240776083816488,4.061529316899728
004_190℃_003_2.0mm.csv,2.0mm_190℃,nr500,V03,40,-0.6309862735578552,3.9854375034327183
004_190℃_003_2.0mm.csv,2.0mm_190℃,nr500,V03,50,-0.6561705765536626,3.471076996894494
004_190℃_003_2.0mm.csv,2.0mm_190℃,nr500,V03,75,-0.6489559043987735,3.3922134663292356
004_190℃_003_2.0mm.csv,2.0mm_190℃,nr500,V03,100,-0.6358606128388371,3.3539687944740075
004_190℃_003_2.0mm.csv,2.0mm_190℃,nr500,V04,5,-3.360466232404999,8.605829134247914
004_190℃_003_2.0mm.csv,2.0mm_190℃,nr500,V04,10,-3.359026481582834,8.077558580873443
004_190℃_003_2.0mm.csv,2.0mm_190℃,nr500,V04,15,-3.4522345570392385,7.68886513094804
004_190℃_003_2.0mm.csv,2.0mm_190℃,nr500,V04,20,-3.502120252930776,7.217032727488506
004_190℃_003_2.0mm.csv,2.0mm_190℃,nr500,V04,25,-3.527970423618236,7.184947335018665
004_190℃_003_2.0mm.csv,2.0mm_190℃,nr500,V04,30,-3.5446126595917766,7.065696918970033
004_190℃_003_2.0mm.csv,2.0mm_190℃,nr500,V04,40,-3.5422230660563527,6.929704330537776
004_190℃_003_2.0mm.csv,2.0mm_190℃,nr500,V04,50,-3.3756035068330537,2.865114046020638
004_190℃_003_2.0mm.csv,2.0mm_190℃,nr500,V04,75,-3.386146293132884,2.8444168815494826
004_190℃_003_2.0mm.csv,2.0mm_190℃,nr500,V04,100,-3.3720085833369837,2.8427377366832274
092_190℃_240_2.0mm.csv,2.0mm_190℃,nr500,V03,5,-25.144981593696457,2.751711489104249
092_190℃_240_2.0mm.csv,2.0mm_190℃,nr500,V03,10,-4.283567441457398,15.754202414375717
092_190℃_240_2.0mm.csv,2.0mm_190℃,nr500,V03,15,-4.371472312955283,12.753582557106826
092_190℃_240_2.0mm.csv,2.0mm_190℃,nr500,V03,20,-4.285684464779722,11.162842675859402
092_190℃_240_2.0mm.csv,2.0mm_190℃,nr500,V03,25,-4.499919363192818,10.673822707552906
092_190℃_240_2.0mm.csv,2.0mm_190℃,nr500,V03,30,-4.616483154707891,10.890829536430298
092_190℃_240_2.0mm.csv,2.0mm_190℃,nr500,V03,40,-4.760118611153232,11.211926151120212
092_190℃_240_2.0mm.csv,2.0mm_190℃,nr500,V03,50,-4.682604289472975,6.883773919758597
092_190℃_240_2.0mm.csv,2.0mm_190℃,nr500,V03,75,-4.686583807111605,6.831451007369833
092_190℃_240_2.0mm.csv,2.0mm_190℃,nr500,V03,100,-4.776940413640807,6.617590520492384
092_190℃_240_2.0mm.csv,2.0mm_190℃,nr500,V04,5,-47.625729856190965,5.695661573378099
092_190℃_240_2.0mm.csv,2.0mm_190℃,nr500,V04,10,-30.59494923618109,15.291399237278325
092_190℃_240_2.0mm.csv,2.0mm_190℃,nr500,V04,15,-29.114943488207935,17.475180021350702
092_190℃_240_2.0mm.csv,2.0mm_190℃,nr500,V04,20,-29.937837001435547,17.574202028566642
092_190℃_240_2.0mm.csv,2.0mm_190℃,nr500,V04,25,-29.243579485837294,17.923557948655507
092_190℃_240_2.0mm.csv,2.0mm_190℃,nr500,V04,30,-29.43469458527065,18.668878078185568
092_190℃_240_2.0mm.csv,2.0mm_190℃,nr500,V04,40,-29.161567165842392,15.610637647260395
092_190℃_240_2.0mm.csv,2.0mm_190℃,nr500,V04,50,-29.103384509236278,3.5099438828133778
092_190℃_240_2.0mm.csv,2.0mm_190℃,nr500,V04,75,-28.825140179646052,3.573149148944869
092_190℃_240_2.0mm.csv,2.0mm_190℃,nr500,V04,100,-28.764037909523907,3.5857983707795396
022_210℃_010_2.0mm.csv,2.0mm_210℃,nr500,V03,5,-1.8005542001830175,2.221398615176768
022_210℃_010_2.0mm.csv,2.0mm_210℃,nr500,V03,10,-0.9238214687231904,2.0768205720000994
022_210℃_010_2.0mm.csv,2.0mm_210℃,nr500,V03,15,-1.1237640316001989,2.03783967240841
022_210℃_010_2.0mm.csv,2.0mm_210℃,nr500,V03,20,-1.163804314126546,1.9985667834484124
022_210℃_010_2.0mm.csv,2.0mm_210℃,nr500,V03,25,-1.2463551486383104,2.012425631026166
022_210℃_010_2.0mm.csv,2.0mm_210℃,nr500,V03,30,-1.3265291627768643,1.959236212427707
022_210℃_010_2.0mm.csv,2.0mm_210℃,nr500,V03,40,-1.4688046398606158,1.8321287408558766
022_210℃_010_2.0mm.csv,2.0mm_210℃,nr500,V03,50,-1.5810926655347382,1.7416490389390342
022_210℃_010_2.0mm.csv,2.0mm_210℃,nr500,V03,75,-1.607409996732848,1.743844625978639
022_210℃_010_2.0mm.csv,2.0mm_210℃,nr500,V03,100,-1.5984201022386895,1.7333256080081372
022_210℃_010_2.0mm.csv,2.0mm_210℃,nr500,V04,5,-14.304970457799158,4.749602360807136
022_210℃_010_2.0mm.csv,2.0mm_210℃,nr500,V04,10,-13.203284776779611,4.679685145739471
022_210℃_010_2.0mm.csv,2.0mm_210℃,nr500,V04,15,-13.254667755819655,4.770574842129477
022_210℃_010_2.0mm.csv,2.0mm_210℃,nr500,V04,20,-13.273994149389898,5.0320433095103
022_210℃_010_2.0mm.csv,2.0mm_210℃,nr500,V04,25,-13.328062636820624,4.9022428279710795
022_210℃_010_2.0mm.csv,2.0mm_210℃,nr500,V04,30,-13.388373178235337,4.793842034902413
022_210℃_010_2.0mm.csv,2.0mm_210℃,nr500,V04,40,-13.469111657630606,4.778841339141642
022_210℃_010_2.0mm.csv,2.0mm_210℃,nr500,V04,50,-13.25931575295854,3.0705991624860385
022_210℃_010_2.0mm.csv,2.0mm_210℃,nr500,V04,75,-13.26836873053884,3.0570569244322763
022_210℃_010_2.0mm.csv,2.0mm_210℃,nr500,V04,100,-13.224345317181713,3.0081910919045574
101_210℃_280_2.0mm.csv,2.0mm_210℃,nr500,V03,5,-25.311170812891174,1.268081447522594
101_210℃_280_2.0mm.csv,2.0mm_210℃,nr500,V03,10,-2.955253069369951,7.822416781302105
101_210℃_280_2.0mm.csv,2.0mm_210℃,nr500,V03,15,-3.1850089073774557,6.245355863728351
101_210℃_280_2.0mm.csv,2.0mm_210℃,nr500,V03,20,-3.648574670998,5.700357529619978
101_210℃_280_2.0mm.csv,2.0mm_210℃,nr500,V03,25,-3.348324436108473,5.682459029519974
101_210℃_280_2.0mm.csv,2.0mm_210℃,nr500,V03,30,-3.75384015824819,5.460791783837997
101_210℃_280_2.0mm.csv,2.0mm_210℃,nr500,V03,40,-3.843170614636729,5.039807795117255
101_210℃_280_2.0mm.csv,2.0mm_210℃,nr500,V03,50,-3.6940075308690496,3.429341792892112
101_210℃_280_2.0mm.csv,2.0mm_210℃,nr500,V03,75,-3.6873759018715937,3.3670991396184164
101_210℃_280_2.0mm.csv,2.0mm_210℃,nr500,V03,100,-3.7206488175777253,3.0858623566599777
101_210℃_280_2.0mm.csv,2.0mm_210℃,nr500,V04,5,-53.88809801786433,5.932643005354527
101_210℃_280_2.0mm.csv,2.0mm_210℃,nr500,V04,10,-38.05305213510996,23.440397500406082
101_210℃_280_2.0mm.csv,2.0mm_210℃,nr500,V04,15,-36.562952873074394,20.048593549354027
101_210℃_280_2.0mm.csv,2.0mm_210℃,nr500,V04,20,-37.50319119250347,19.468736324309255
101_210℃_280_2.0mm.csv,2.0mm_210℃,nr500,V04,25,-36.5725208533457,17.612471318939775
101_210℃_280_2.0mm.csv,2.0mm_210℃,nr500,V04,30,-36.96864076911453,16.432127681612936
101_210℃_280_2.0mm.csv,2.0mm_210℃,nr500,V04,40,-36.415215690953,15.595779748117096
101_210℃_280_2.0mm.csv,2.0mm_210℃,nr500,V04,50,-37.155822105602525,3.225294663642184
101_210℃_280_2.0mm.csv,2.0mm_210℃,nr500,V04,75,-37.5023143792071,3.2784653000240684
101_210℃_280_2.0mm.csv,2.0mm_210℃,nr500,V04,100,-37.37888243835149,3.249170714380066
003_230℃_003_2.0mm.csv,2.0mm_230℃,nr500,V03,5,-1.3655122408141944,3.6320008168224533
003_230℃_003_2.0mm.csv,2.0mm_230℃,nr500,V03,10,-1.7438317973366504,3.5744316467250186
003_230℃_003_2.0mm.csv,2.0mm_230℃,nr500,V03,15,-2.026098454014663,3.5572461248396645
003_230℃_003_2.0mm.csv,2.0mm_230℃,nr500,V03,20,-2.1705800449724815,3.650913963624072
003_230℃_003_2.0mm.csv,2.0mm_230℃,nr500,V03,25,-2.2152014043332047,3.569071506200903
003_230℃_003_2.0mm.csv,2.0mm_230℃,nr500,V03,30,-2.248123586847573,3.4944592659847684
003_230℃_003_2.0mm.csv,2.0mm_230℃,nr500,V03,40,-2.287874553917936,3.612304750524626
003_230℃_003_2.0mm.csv,2.0mm_230℃,nr500,V03,50,-2.3286990878303686,3.0903603650017715
003_230℃_003_2.0mm.csv,2.0mm_230℃,nr500,V03,75,-2.3466293443561304,3.0201515102815564
003_230℃_003_2.0mm.csv,2.0mm_230℃,nr500,V03,100,-2.340301735106123,2.945573942506153
003_230℃_003_2.0mm.csv,2.0mm_230℃,nr500,V04,5,-1.9699765616102924,2.486147812637137
003_230℃_003_2.0mm.csv,2.0mm_230℃,nr500,V04,10,-2.2347704418380925,2.547388330079039
003_230℃_003_2.0mm.csv,2.0mm_230℃,nr500,V04,15,-2.537912649473292,2.5428967191454848
003_230℃_003_2.0mm.csv,2.0mm_230℃,nr500,V04,20,-2.6505117513272323,2.555946506285717
003_230℃_003_2.0mm.csv,2.0mm_230℃,nr500,V04,25,-2.676852049350872,2.5853085956206234
003_230℃_003_2.0mm.csv,2.0mm_230℃,nr500,V04,30,-2.693481350384793,2.5695930151921154
003_230℃_003_2.0mm.csv,2.0mm_230℃,nr500,V04,40,-2.6810700174992994,2.5387637741519264
003_230℃_003_2.0mm.csv,2.0mm_230℃,nr500,V04,50,-2.449592152708868,2.028644437084713
003_230℃_003_2.0mm.csv,2.0mm_230℃,nr500,V04,75,-2.4461608940203234,2.0248837938959126
003_230℃_003_2.0mm.csv,2.0mm_230℃,nr500,V04,100,-2.4304384602969353,2.020307356059293
103_230℃_280_2.0mm.csv,2.0mm_230℃,nr500,V03,5,-28.736876384144455,2.720099358533965
103_230℃_280_2.0mm.csv,2.0mm_230℃,nr500,V03,10,-6.609585158667195,13.918339737682041
103_230℃_280_2.0mm.csv,2.0mm_230℃,nr500,V03,15,-6.753413155096593,11.75530889155126
103_230℃_280_2.0mm.csv,2.0mm_230℃,nr500,V03,20,-7.412248758739803,11.962923487686055
103_230℃_280_2.0mm.csv,2.0mm_230℃,nr500,V03,25,-7.177098464837358,11.659745144497814
103_230℃_280_2.0mm.csv,2.0mm_230℃,nr500,V03,30,-7.728269463250995,12.17435110576425
103_230℃_280_2.0mm.csv,2.0mm_230℃,nr500,V03,40,-7.63532843018481,11.781078664461893
103_230℃_280_2.0mm.csv,2.0mm_230℃,nr500,V03,50,-7.825767351567501,7.240711879451926
103_230℃_280_2.0mm.csv,2.0mm_230℃,nr500,V03,75,-7.916978924879949,7.400445837981618
103_230℃_280_2.0mm.csv,2.0mm_230℃,nr500,V03,100,-7.8308297388549,7.039905252581831
103_230℃_280_2.0mm.csv,2.0mm_230℃,nr500,V04,5,-51.069398213317555,2.0371739982376638
103_230℃_280_2.0mm.csv,2.0mm_230℃,nr500,V04,10,-33.73908391274787,5.370493008551745
103_230℃_280_2.0mm.csv,2.0mm_230℃,nr500,V04,15,-31.98964219926841,5.54472929869374
103_230℃_280_2.0mm.csv,2.0mm_230℃,nr500,V04,20,-33.26104020034969,5.175365621420093
103_230℃_280_2.0mm.csv,2.0mm_230℃,nr500,V04,25,-32.22042999930722,4.60861251443158
103_230℃_280_2.0mm.csv,2.0mm_230℃,nr500,V04,30,-32.382124394606834,4.585142761802317
103_230℃_280_2.0mm.csv,2.0mm_230℃,nr500,V04,40,-32.59444455253367,4.173434671918519
103_230℃_280_2.0mm.csv,2.0mm_230℃,nr500,V04,50,-32.08184871410494,1.530142249604637
103_230℃_280_2.0mm.csv,2.0mm_230℃,nr500,V04,75,-32.12824987094896,1.5879998107078124
103_230℃_280_2.0mm.csv,2.0mm_230℃,nr500,V04,100,-32.27391330664634,1.547020494412095
